{
    "answers": {
        "phase": "deployment"
        "action": "api design",
        "scope": "api",
        "action experience": 0,
        "prog lang": "n/a",
        "other prog lang": "<fill in>",
        "aimodel": "chatgpt",
        "aimodel version": "3.5",
        "lmstudio-hosted aimodel": "<fill-in>",
        "tool option": "online free",
        "experience with tool": 4,
        "time allocated (h)": 0.5,
        "time saved estimate (h)": 0.7, 
        "quality of ai help": 1,
        "knowledge acquired": 1,
        "generic feeling - now": 1,
        "generic feeling - future": 2,
        "threat level": 0,
        "notes": "<fill in>"
    }
}