{
    "answers": {
        "phase":"archtecture",
        "action": "code management",
        "scope":"frontend",
        "action experience": 1, 
        "prog lang":"js-node",
        "other prog lang": "<fill in>",
        "aimodel": "gemini",
        "aimodel version": "<fill in>",
        "lmstudio-hosted aimodel": "<fill-in>",
        "tool option": "online free", 
        "experience with tool":  2,
        "time allocated (h)": "1",
        "time saved estimate (h)": "2", 
        "quality of ai help": 2, 
        "knowledge acquired": 3,
        "generic feeling - now": 2, 
        "generic feeling - future":  3, 
        "threat level":  1, 
        "notes": "<fill in>"
    }
}