{
    "answers": {
        "phase": "deployment",
        "action": "container structuring",
        "scope": "container configuration",
        "action experience": 1,
        "prog lang": "n/a",
        "other prog lang": "<fill in>",
        "aimodel": "chatgpt",
        "aimodel version": "4",
        "lmstudio-hosted aimodel": "<fill-in>",
        "tool option": "online free",
        "experience with tool": 4,
        "time allocated (h)": "1",
        "time saved estimate (h)": "2", 
        "quality of ai help": 1,
        "knowledge acquired": 2,
        "generic feeling - now":  2,
        "generic feeling - future": 3,
        "threat level": 0,
        "notes": "<fill in>"
    }
}