{
    "answers": {
        "phase":"design",
        "action": "code management",
        "scope":"frontend",
        "action experience": 3, 
        "prog lang":"js-node",
        "other prog lang": "<fill in>",
        "aimodel": "chatgpt",
        "aimodel version": "3.5",
        "lmstudio-hosted aimodel": "<fill-in>",
        "tool option": "online free", 
        "experience with tool":  4,
        "time allocated (h)": "1",
        "time saved estimate (h)": "4", 
        "quality of ai help": 4, 
        "knowledge acquired":  2,
        "generic feeling - now": 3, 
        "generic feeling - future":  4, 
        "threat level":  3, 
        "notes": "<fill in>"
    }
}