{
    "answers": {
        "phase": "coding",
        "action": "api design",
        "scope": "api",
        "action experience": 2,
        "prog lang": "js-node",
        "other prog lang": "<fill in>",
        "aimodel": "chatgpt",
        "aimodel version": "4",
        "lmstudio-hosted aimodel": "<fill-in>",
        "tool option": "online free",
        "experience with tool": 3,
        "time allocated (h)": "1",
        "time saved estimate (h)": "4", 
        "quality of ai help": 4,
        "knowledge acquired": 4,
        "generic feeling - now": 4,
        "generic feeling - future": 5,
        "threat level": 0,
        "notes": "<fill in>"
    }
}