{
    "answers": {
        "phase": "deployment",
        "action": ["microservices definition", "api design", "orchestration design", "choreography design", "data design", "container structuring", "source code authoring", "network operations", "code management"],
        "scope": ["uml sequence", "uml component", "uml deployment", "uml other", "data management", "frontend", "backend", "api", "messaging design", "messaging deployment", "container configuration", "deployment scripts", "github operations"],
        "action experience": 1,
        "prog lang": "js-node",
        "other prog lang": "<fill in>",
        "aimodel": "chatgpt",
        "aimodel version": "3.5",
        "lmstudio-hosted aimodel": "<fill-in>",
        "tool option": "online free",
        "experience with tool": 4,
        "time allocated (h)": 0.6,
        "time saved estimate (h)": 0, 
        "quality of ai help": 0,
        "knowledge acquired": 0,
        "generic feeling - now": 0,
        "generic feeling - future": 0,
        "threat level": 0,
        "notes": "<fill in>"
    }
}