{
    "answers": {
        "phase":"coding",
        "action": "code management",
        "scope":"frontend",
        "action experience": 3, 
        "prog lang":"js-node",
        "other prog lang": "<fill in>",
        "aimodel": "chatgpt",
        "aimodel version": "3.5",
        "lmstudio-hosted aimodel": "<fill-in>",
        "tool option": "online free", 
        "experience with tool":  3,
        "time allocated (h)": "1",
        "time saved estimate (h)": "2", 
        "quality of ai help": 3, 
        "knowledge acquired": 1,
        "generic feeling - now": 4, 
        "generic feeling - future":  4, 
        "threat level":  2, 
        "notes": "<fill in>"
    }
}