{
    "answers": {
        "phase": "architecture",
        "action": "container structuring",
        "scope": "uml component",
        "action experience": 4,
        "prog lang": "n/a",
        "other prog lang": "",
        "aimodel": "chatgpt",
        "aimodel version": "",
        "lmstudio-hosted aimodel": "",
        "tool option": "online full",
        "experience with tool": 3,
        "time allocated (h)": "0.2",
        "time saved estimate (h)": "2", 
        "quality of ai help": 3,
        "knowledge acquired": 4,
        "generic feeling - now": 3,
        "generic feeling - future": 4,
        "threat level": 2,
        "notes": ""
    }
}