{
    "answers": {
        "phase": "coding",
        "action": "source code authoring",
        "scope": ["uml sequence", "uml component", "uml deployment", "uml other", "data management", "frontend", "backend", "api", "messaging design", "messaging deployment", "container configuration", "deployment scripts", "github operations"],
        "action experience": 0,
        "prog lang": "js-node",
        "other prog lang": "<fill in>",
        "aimodel": "chatgpt",
        "aimodel version": "3.5",
        "lmstudio-hosted aimodel": "<fill-in>",
        "tool option": "online free",
        "experience with tool": 4,
        "time allocated (h)": 0.2,
        "time saved estimate (h)": 1, 
        "quality of ai help": 4,
        "knowledge acquired": 4,
        "generic feeling - now": 4,
        "generic feeling - future": 5,
        "threat level": 4,
        "notes": "<fill in>"
    }
}