{
    "answers": {
        "phase": "deployment",
        "action": "container structuring",
        "scope": "deployment scripts",
        "action experience": 1,
        "prog lang": "yaml/json",
        "other prog lang": "<fill in>",
        "aimodel": "chatgpt",
        "aimodel version": "4",
        "lmstudio-hosted aimodel": "<fill-in>",
        "tool option": "online free",
        "experience with tool": 3,
        "time allocated (h)": "2",
        "time saved estimate (h)": "3", 
        "quality of ai help": 3,
        "knowledge acquired": 4,
        "generic feeling - now": 4,
        "generic feeling - future": 4,
        "threat level": 0,
        "notes": "<fill in>"
    }
}