{
    "answers": {
        "phase": "coding",
        "action": "source code authoring",
        "scope": "deployment scripts",
        "action experience": 0,
        "prog lang": "js-node",
        "other prog lang": "<fill in>",
        "aimodel": "copilot",
        "aimodel version": "<fill in>",
        "lmstudio-hosted aimodel": "<fill-in>",
        "tool option": "online free",
        "experience with tool": 5,
        "time allocated (h)": 5,
        "time saved estimate (h)": 0, 
        "quality of ai help": 2,
        "knowledge acquired": 1,
        "generic feeling - now": 0,
        "generic feeling - future": 1,
        "threat level": 0,
        "notes": "<fill in>"
    }
}