{
    "answers": {
        "phase": "design",
        "action": "microservices definition",
        "scope": "uml sequence",
        "action experience": 4,
        "prog lang": "n/a",
        "other prog lang": "<fill in>",
        "aimodel": "chatgpt",
        "aimodel version": "ChatCPT-3.5",
        "lmstudio-hosted aimodel": "<fill-in>",
        "tool option": "online free",
        "experience with tool": 4,
        "time allocated (h)": "1",
        "time saved estimate (h)": "2",
        "quality of ai help": 3,
        "knowledge acquired": 3,
        "generic feeling - now": 2,
        "generic feeling - future": 4,
        "threat level": 1,
        "notes": "<fill in>"
    }
}