{
    "answers": {
        "phase": "coding",
        "action": "api design", 
        "scope": "api",
        "action experience": [0, 1, 2, 3, 4, 5],
        "prog lang": "js-node",
        "other prog lang": "<fill in>",
        "aimodel": "chatgpt",
        "aimodel version": "3.5",
        "lmstudio-hosted aimodel": "<fill-in>",
        "tool option": ["online free", "online full", "locally-run"],
        "experience with tool": [0, 1, 2, 3, 4, 5],
        "time allocated (h)": 0.5,
        "time saved estimate (h)": 1, 
        "quality of ai help": 3,
        "knowledge acquired": 1,
        "generic feeling - now": 3,
        "generic feeling - future": 4,
        "threat level": 2,
        "notes": "<fill in>"
    }
}