{
    "answers": {
        "phase": "design",
        "action": "network operations",
        "scope": "frontend",
        "action experience":  1, 
        "prog lang": "js-node", 
        "other prog lang": "<fill in>",
        "aimodel": "chatgpt",
        "aimodel version": "3.5",
        "lmstudio-hosted aimodel": "<fill-in>",
        "tool option": "online free", 
        "experience with tool":  4,
        "time allocated (h)": "1",
        "time saved estimate (h)": "1", 
        "quality of ai help": 2, 
        "knowledge acquired": 3,
        "generic feeling - now": 1, 
        "generic feeling - future": 3,
        "threat level":  4,
        "notes": "<fill in>"
    }
}