{
    "answers": {
        "phase": "coding",
        "action": "source code authoring",
        "scope": "backend",
        "action experience": 2,
        "prog lang": "python",
        "other prog lang": "js-node",
        "aimodel": "chatgpt",
        "aimodel version": "3.5",
        "lmstudio-hosted aimodel": "<fill-in>",
        "tool option": "online free",
        "experience with tool": 4,
        "time allocated (h)": "1",
        "time saved estimate (h)": "0", 
        "quality of ai help": 1,
        "knowledge acquired": 0,
        "generic feeling - now": 0,
        "generic feeling - future": 1,
        "threat level": 0,
        "notes": "<fill in>"
    }
}