{
    "answers": {
        "phase": "architecture",
        "action": "choreography design", 
        "scope":  "messaging design", 
        "action experience":  3, 
        "prog lang": "js-node",
        "other prog lang": "<fill in>",
        "aimodel": "gemini", 
        "aimodel version": "<fill in>",
        "lmstudio-hosted aimodel": "<fill-in>",
        "tool option": "online free", 
        "experience with tool":  3,
        "time allocated (h)": "1",
        "time saved estimate (h)": "3", 
        "quality of ai help": 3, 
        "knowledge acquired":  4, 
        "generic feeling - now":  3,
        "generic feeling - future":  2,
        "threat level": 3, 
        "notes": "<fill in>"
    }
}