{
    "answers": {
        "phase": "design", 
        "action": "network operations",
        "scope": "frontend", 
        "action experience":  2,
        "prog lang": "js-node",
        "aimodel": "gemini",
        "aimodel version": "<fill in>",
        "lmstudio-hosted aimodel": "<fill-in>",
        "tool option": "online free", 
        "experience with tool":  2, 
        "time allocated (h)": "1",
        "time saved estimate (h)": "1", 
        "quality of ai help": 1, 
        "knowledge acquired": 2, 
        "generic feeling - now": 2, 
        "generic feeling - future": 1,
        "threat level": 2, 
        "notes": "<fill in>"
    }
}