{
    "answers": {
        "phase": "design",
        "action": "code management",
        "scope": "api", 
        "action experience": 1,
        "prog lang": "js-node", 
        "other prog lang": "<fill in>",
        "aimodel": "chatgpt",
        "aimodel version": "3.5",
        "lmstudio-hosted aimodel": "<fill-in>",
        "tool option": "online free", 
        "experience with tool":  4,
        "time allocated (h)": "1",
        "time saved estimate (h)": "3", 
        "quality of ai help": 1, 
        "knowledge acquired": 2,
        "generic feeling - now": 1, 
        "generic feeling - future": 2, 
        "threat level": 5,
        "notes": "<fill in>"
    }
}