{
    "answers": {
        "phase": "design",
        "action": "orchestration design",
        "scope": "messaging design",
        "action experience":1,
        "prog lang": "yaml/json",
        "other prog lang": "",
        "aimodel": "chatgpt",
        "aimodel version": "4o",
        "lmstudio-hosted aimodel": "",
        "tool option": "online full",
        "experience with tool": 3,
        "time allocated (h)": "0.2",
        "time saved estimate (h)": "2", 
        "quality of ai help": 4,
        "knowledge acquired": 3,
        "generic feeling - now": 3,
        "generic feeling - future": 4,
        "threat level": 3,
        "notes": ""
    }
}